latent_parameter,1,x,y,z,x*y,x*z,y*z,x^2-y^2,3*z^2-1,rbf0,rbf1,rbf2,rbf3,rbf4,rbf5
P_f0_u,3.5949890000200666,0.4994722848749221,0.052700635473328816,0.5130378382870954,0.5078993198239706,0.7462295698242288,1.2391701388214587,0.11058308296539317,-0.18141638287737616,-0.6253821496411428,1.5409893885694232,-0.4053231681249564,0.2058362479697581,-0.19045287914129858,-0.4635769298491503
P_gap1_u,1.0982202106921009,-0.5912273868411188,-0.04476733375125171,-0.27909489163943385,-1.4862818333293684,0.2095097463480199,1.5202726902690737,-0.45823695828468847,0.05534648116782087,0.19239162737783994,-1.941097368860997,0.2079309251392901,-1.506325935599775,1.1274786143845268,0.05664184290632507
P_gap2_u,0.8055520091267684,0.2627405426903522,0.34341805615578225,-0.8719569594386822,0.3188089220516588,2.0078923686184647,-2.576487189964603,0.48345157370019,-0.16456756818317575,0.5247556001685619,1.0497368603600963,-1.8075176433510898,1.8094615084169186,0.3986706394980121,0.5826867575039657
P_gap3_u,1.4558500331720208,0.8529093658207912,-0.07834060071650745,0.3327047368402458,0.10021949106234199,-1.0329493864082726,0.4197538622665247,-0.401847068865815,0.22092939946609233,-1.9042196965755986,-0.3687366093850992,1.7452273633691717,-0.3469789980911798,0.05199180929033965,-0.5608743312999871
N_f0_u,4.717187374090263,-6.4805617092008605,-0.5749344613436351,-0.9176508874405457,-3.6859991823388802,-0.3787516248824248,5.440658184293786,3.4012716656338498,-0.8338758555836341,1.7669269175580418,7.159730387665605,-2.354055549600482,5.039635959524384,8.469166595700521,6.892894467091128
N_gap1_u,3.133350211510041,-1.204414247219578,0.26619222116725355,0.5280415963836685,-1.692969010445643,-1.5671297057362918,3.5891440223387927,-0.4086362826928357,-0.3462995973196623,2.620698681775131,3.5827742390537183,-0.4321645607321354,5.150974959653098,2.9225445132812182,9.237887028763494
N_gap2_u,1.6901612452957104,-1.6889676664970454,-1.7676719413446886,-1.2074441698426692,0.8210039834285344,-2.833302702642957,2.227559101754076,0.9240876497542997,1.1419997951221958,2.060535572915343,5.133782659464044,1.5111249724539677,2.6943565653099264,-3.4020677153511376,0.19163855454747672
N_gap3_u,1.0580312346767347,-4.38155647571804,-0.19700886124861852,0.8396651392775203,-2.476653340705118,-1.7886585757274824,3.1956822411086168,1.6304116250173315,-0.5510746051582869,3.7452821419788958,4.1740926528155295,-5.26192390710362,2.8704047085276856,9.258831998189645,6.700143568997999
P_gain0_u,-2.8819880266588886,0.21061804268170314,-2.493960365082071,1.0023518961114442,1.4005658367432599,0.7633792673472339,2.9805890773832013,0.9385216895414139,-0.18803307557786558,-0.047829317518779016,3.9474129457196945,0.6190992414596149,0.0798427477256059,-1.9857854804260777,-7.5376253381279685
P_gain1_u,-3.086243054911205,-1.1775933344198528,0.5511642728389837,1.2095763435153024,-1.4592510053527519,3.3339439740603067,-1.1000433000697614,-0.7662929013233715,-0.4019547338503184,2.7411668233321644,0.15206229608980945,0.5241820064141491,-1.2997977565393846,-6.029303979350527,-2.7434802680504364
P_gain2_u,-2.154738786067035,-0.9722016304957428,-0.3308363934214736,0.6111363361730394,1.082861931734895,1.7510318785709342,-0.5764025592209013,0.30001389809377776,0.4419900626522909,-4.725346213306222,2.5413262369015355,-4.1474889799678545,-0.42858912949660066,-0.33011181655862726,-4.357824499028197
P_gain3_u,-0.954737863739858,0.08980018040012218,-0.05385194577742244,0.030673208601283246,0.2688233117042571,0.7831506039095147,-0.006946674938143369,0.21426691641538814,-0.4060508598676854,-0.8287099477151721,-12.019740951521205,-10.791431224038906,-1.424754865905435,-1.2858184209818038,-4.650883869517664
N_gain0_u,-2.410375090593464,-0.6946975650400103,1.4318929733041088,-1.6530923851534132,-1.1341843501781934,0.3759760255162871,1.1158287125884452,0.07523902430094381,0.011131283002688903,-1.0021762694600405,0.23768260988305584,0.3736365180009167,-2.474154016394388,-1.158552157291458,2.952246400284544
N_gain1_u,-3.5120858765619007,0.05182794376042508,1.4918743906716019,-2.7511182338395272,0.7200908188894303,-1.0847235104453454,6.52019029832381,0.41602939195931554,-0.9193775680775159,0.37881714388681154,3.168539154417067,1.5900532289921114,1.6302072056790544,2.7139064044007513,0.4014969343644469
N_gain2_u,-4.625728141039127,-1.8160841417108715,0.09530894957412696,6.322144223778716,-1.5434864747712438,2.43417960879157,1.802740526586239,0.48135889771375495,-2.133795449698243,-4.596568033494825,-6.069415074277083,1.5053266247957875,2.1886212784791192,1.8289994745506406,2.188144058058199
N_gain3_u,-3.8084137269413265,-6.3571426148851,-0.8198638515588861,-4.690796378587056,-2.746422149607076,-3.4052727008887222,1.816994682143637,1.1077451514145127,3.143668509729253,-1.5656191945131595,6.40669865903174,-0.18987487551448176,2.79306725630368,0.6379655042812356,14.960549324524345
P_Q0_u,0.1331090403270515,-1.074335759249495,0.599569592905279,-2.8873198878370845,-1.073966378654038,0.7214432639613744,-0.6371597177210465,-1.2440829968476055,0.6913163285192799,-2.9007096083518236,-3.144221061919307,-5.842590738004111,0.07587510904448562,-2.0965618771043197,-0.0892561910462974
P_Q1_u,0.09621012410511504,-0.6415883205557937,-0.3603294766269211,-1.7723364067594878,-0.24785866958090774,-0.90335400687681,2.1903241674419194,0.7181811025440437,0.03303628349602738,-0.7294311495745632,0.6972508964749403,3.8210307445407965,-0.6858291050721506,0.05562573462327416,0.55851033986601
P_Q2_u,0.023184604052464426,0.5193609012472525,-1.5282447816702462,-1.4819023699974476,-0.8589624771757995,-0.8899900918188309,4.313597765344515,-0.004277584437411531,-0.36504202380628986,-7.490039371598965,-0.013695842260873944,2.4422229130535915,1.3712613333719677,-4.640909262370742,-0.4054274299589107
P_Q3_u,-1.208364077111494,-0.24434821329157444,-0.0917692127266174,-1.2718920222688603,0.3878279329132022,1.1088159727786673,-0.43006755808414837,-0.42570994273186397,0.5195652629501941,-0.48065853197473385,2.928174706597252,0.6998817853615157,1.1896405914984354,0.7752556249149247,2.550181182397364
N_Q0_u,-1.2514384645006307,1.3058274184671124,-0.9819720576791623,1.361192175068872,-0.37330352385547927,0.3690957501429014,-1.3840686229387678,1.158750348373589,-0.13492187707184053,4.251511129704654,-1.5526060067592293,-0.8028112574166024,1.3950038216302987,1.7165403399221717,-0.9947500108414234
N_Q1_u,-0.33701318569164873,0.2150499238618284,0.43657942605724354,2.261879369187305,-1.2318147744450083,-0.6749046120680536,-2.451893400680709,0.6811778154663444,0.08553126233251347,2.203769935910655,0.9689610928926384,0.45089909208145096,-0.029363384842528543,1.094935382535413,1.8743345459279241
N_Q2_u,0.5546862108218055,0.4226258161499331,-0.317311908968397,0.12542502533749547,-0.7310433118125838,0.9735186622475145,0.4220223667578919,-0.15092637128647576,-0.19899365888407522,-0.9655777559999904,-0.6403197279717404,-2.8605505443602928,-1.6865113890394543,2.288234256947981,0.13940945934199264
N_Q3_u,0.579081923404916,2.8798327736634484,0.2819382884148489,1.0104158038110078,-0.04287228595690512,-1.1179467865615766,-1.641278469301471,-0.8271945497262059,-0.3300208101445091,-1.0127660231618023,-4.663049113866478,5.216471142967306,-1.7092359329539233,0.5089377411908941,-2.238779679744625
